datetime,temp,precip,windspeed,cloudcover,icon,icon_clear-day,icon_cloudy,icon_partly-cloudy-day,icon_rain,icon_snow
2024-03-01,4.2,8.078,19.3,94.3,snow,False,False,False,False,True
2024-03-02,4.4,1.874,15.9,90.5,snow,False,False,False,False,True
2024-03-03,3.8,8.541,15.6,98.1,snow,False,False,False,False,True
2024-03-04,2.9,0.469,11.1,66.8,snow,False,False,False,False,True
2024-03-05,2.3,0.0,8.7,32.8,partly-cloudy-day,False,False,True,False,False
2024-03-06,2.8,0.038,8.4,72.2,rain,False,False,False,True,False
2024-03-07,3.8,0.0,7.5,68.2,partly-cloudy-day,False,False,True,False,False
2024-03-08,5.4,2.87,14.5,99.9,snow,False,False,False,False,True
2024-03-09,7.9,1.314,24.0,98.8,rain,False,False,False,True,False
2024-03-10,7.8,2.735,22.1,97.9,rain,False,False,False,True,False
2024-03-11,6.6,9.763,19.8,93.0,rain,False,False,False,True,False
2024-03-12,7.9,4.181,13.4,66.8,rain,False,False,False,True,False
2024-03-13,7.0,0.024,9.3,73.7,rain,False,False,False,True,False
2024-03-14,6.6,0.0,10.2,60.7,partly-cloudy-day,False,False,True,False,False
2024-03-15,7.6,0.0,11.3,59.8,partly-cloudy-day,False,False,True,False,False
2024-03-16,10.4,0.0,8.1,12.0,clear-day,True,False,False,False,False
2024-03-17,11.6,0.0,7.9,8.5,clear-day,True,False,False,False,False
2024-03-18,9.6,0.0,13.0,12.6,clear-day,True,False,False,False,False
2024-03-19,9.3,0.0,11.3,20.1,partly-cloudy-day,False,False,True,False,False
2024-03-20,9.0,0.08,12.7,87.9,rain,False,False,False,True,False
2024-03-21,9.7,0.0,8.4,88.8,partly-cloudy-day,False,False,True,False,False
2024-03-22,9.5,1.53,11.1,99.9,rain,False,False,False,True,False
2024-03-23,8.7,3.48,11.9,98.7,rain,False,False,False,True,False
2024-03-24,8.5,0.064,9.4,28.0,rain,False,False,False,True,False
2024-03-25,8.7,5.334,12.1,91.8,rain,False,False,False,True,False
2024-03-26,8.1,2.744,8.9,70.8,rain,False,False,False,True,False
2024-03-27,7.1,9.454,14.3,95.5,rain,False,False,False,True,False
2024-03-28,7.3,5.642,13.8,98.1,rain,False,False,False,True,False
2024-03-29,8.1,4.069,7.8,60.2,rain,False,False,False,True,False
2024-03-30,7.2,0.224,6.3,50.9,rain,False,False,False,True,False
2024-03-31,8.2,0.0,5.7,44.8,partly-cloudy-day,False,False,True,False,False
2024-04-01,11.1,0.0,13.6,71.7,partly-cloudy-day,False,False,True,False,False
2024-04-02,11.2,3.738,17.9,92.0,rain,False,False,False,True,False
2024-04-03,7.5,0.229,13.4,68.2,rain,False,False,False,True,False
2024-04-04,8.2,0.02,22.9,94.9,rain,False,False,False,True,False
2024-04-05,9.4,0.0,12.8,48.5,partly-cloudy-day,False,False,True,False,False
2024-04-06,8.9,2.936,11.2,79.7,rain,False,False,False,True,False
2024-04-07,8.7,0.469,13.3,93.2,rain,False,False,False,True,False
2024-04-08,7.1,19.285,18.1,100.0,rain,False,False,False,True,False
2024-04-09,9.5,0.056,13.1,31.7,rain,False,False,False,True,False
2024-04-10,9.3,0.0,8.2,67.4,partly-cloudy-day,False,False,True,False,False
2024-04-11,8.6,4.422,11.2,99.9,rain,False,False,False,True,False
2024-04-12,9.0,0.498,19.0,60.6,rain,False,False,False,True,False
2024-04-13,9.4,0.01,17.5,23.1,rain,False,False,False,True,False
2024-04-14,10.0,0.0,11.0,60.0,partly-cloudy-day,False,False,True,False,False
2024-04-15,9.1,0.22,18.8,89.6,rain,False,False,False,True,False
2024-04-16,8.2,0.04,34.1,29.7,rain,False,False,False,True,False
2024-04-17,8.1,0.0,14.5,13.6,clear-day,True,False,False,False,False
2024-04-18,9.4,0.0,25.7,7.4,clear-day,True,False,False,False,False
2024-04-19,10.9,0.012,11.1,0.2,rain,False,False,False,True,False
2024-04-20,11.9,2.4,25.6,38.6,rain,False,False,False,True,False
2024-04-21,10.3,0.004,12.3,38.5,rain,False,False,False,True,False
2024-04-22,10.0,0.079,13.8,36.9,rain,False,False,False,True,False
2024-04-23,12.2,0.0,9.5,78.3,partly-cloudy-day,False,False,True,False,False
2024-04-24,10.1,1.844,15.0,96.1,rain,False,False,False,True,False
2024-04-25,9.3,19.184,12.7,99.2,rain,False,False,False,True,False
2024-04-26,10.9,7.998,9.7,83.5,rain,False,False,False,True,False
2024-04-27,9.9,10.086,12.5,95.8,rain,False,False,False,True,False
2024-04-28,9.6,2.198,12.9,88.9,rain,False,False,False,True,False
2024-04-29,9.2,0.413,10.9,66.8,rain,False,False,False,True,False
2024-04-30,9.1,0.081,21.9,56.7,rain,False,False,False,True,False
2024-05-01,9.6,0.236,14.6,35.2,rain,False,False,False,True,False
2024-05-02,11.1,0.0,12.7,8.6,clear-day,True,False,False,False,False
2024-05-03,14.2,0.079,10.3,69.1,rain,False,False,False,True,False
2024-05-04,14.7,0.0,18.3,98.3,cloudy,False,True,False,False,False
2024-05-05,11.6,6.332,13.0,93.0,rain,False,False,False,True,False
2024-05-06,11.3,1.818,16.6,55.5,rain,False,False,False,True,False
2024-05-07,11.0,0.027,19.5,30.2,rain,False,False,False,True,False
2024-05-08,11.5,0.106,9.3,31.8,rain,False,False,False,True,False
2024-05-09,14.4,0.0,14.8,17.5,clear-day,True,False,False,False,False
2024-05-10,16.3,0.0,10.9,21.3,partly-cloudy-day,False,False,True,False,False
2024-05-11,16.2,0.0,12.0,24.9,partly-cloudy-day,False,False,True,False,False
2024-05-12,15.1,0.0,13.7,29.8,partly-cloudy-day,False,False,True,False,False
2024-05-13,14.7,0.0,13.3,60.8,partly-cloudy-day,False,False,True,False,False
2024-05-14,13.9,0.0,13.8,75.0,partly-cloudy-day,False,False,True,False,False
2024-05-15,15.6,0.0,8.5,84.2,partly-cloudy-day,False,False,True,False,False
2024-05-16,14.4,0.574,24.0,69.2,rain,False,False,False,True,False
2024-05-17,12.7,0.564,26.6,47.6,rain,False,False,False,True,False
2024-05-18,10.8,6.86,12.2,63.2,rain,False,False,False,True,False
2024-05-19,12.3,0.761,11.6,40.9,rain,False,False,False,True,False
2024-05-20,13.2,0.079,10.2,45.9,rain,False,False,False,True,False
2024-05-21,10.9,36.336,28.1,99.2,rain,False,False,False,True,False
2024-05-22,11.9,0.106,21.3,57.8,rain,False,False,False,True,False
2024-05-23,13.3,0.0,14.4,45.3,partly-cloudy-day,False,False,True,False,False
2024-05-24,11.5,3.65,11.0,96.8,rain,False,False,False,True,False
2024-05-25,11.9,4.047,19.1,92.3,rain,False,False,False,True,False
2024-05-26,10.7,19.746,14.3,99.8,rain,False,False,False,True,False
2024-05-27,12.9,0.0,10.5,96.9,cloudy,False,True,False,False,False
2024-05-28,12.4,12.715,13.9,81.5,rain,False,False,False,True,False
2024-05-29,11.7,0.519,12.2,47.3,rain,False,False,False,True,False
2024-05-30,12.7,0.0,9.2,46.8,partly-cloudy-day,False,False,True,False,False
2024-05-31,13.7,0.079,8.9,65.3,rain,False,False,False,True,False
2024-06-01,13.7,1.279,9.7,96.6,rain,False,False,False,True,False
2024-06-02,12.7,22.348,14.2,99.4,rain,False,False,False,True,False
2024-06-03,13.2,11.259,15.3,86.0,rain,False,False,False,True,False
2024-06-04,13.0,9.048,17.2,65.5,rain,False,False,False,True,False
2024-06-05,13.5,0.0,11.1,45.1,partly-cloudy-day,False,False,True,False,False
2024-06-06,14.4,0.0,13.3,47.6,partly-cloudy-day,False,False,True,False,False
2024-06-07,16.1,0.0,16.5,17.2,clear-day,True,False,False,False,False
2024-06-08,18.0,0.0,8.7,54.3,partly-cloudy-day,False,False,True,False,False
2024-06-09,18.0,0.0,12.3,41.8,partly-cloudy-day,False,False,True,False,False
2024-06-10,15.7,0.236,14.5,57.4,rain,False,False,False,True,False
2024-06-11,15.2,1.376,19.0,61.9,rain,False,False,False,True,False
2024-06-12,14.2,0.14,11.6,39.3,rain,False,False,False,True,False
2024-06-13,15.5,0.0,8.7,30.1,partly-cloudy-day,False,False,True,False,False
2024-06-14,13.7,1.187,13.8,56.4,rain,False,False,False,True,False
2024-06-15,13.2,0.1,11.6,75.3,rain,False,False,False,True,False
2024-06-16,11.9,3.077,11.8,97.0,rain,False,False,False,True,False
2024-06-17,13.6,0.079,8.5,92.9,rain,False,False,False,True,False
2024-06-18,15.1,0.0,10.9,58.3,partly-cloudy-day,False,False,True,False,False
2024-06-19,16.8,0.0,8.9,12.3,clear-day,True,False,False,False,False
2024-06-20,18.6,0.0,11.0,18.3,clear-day,True,False,False,False,False
2024-06-21,20.3,0.0,8.5,51.7,partly-cloudy-day,False,False,True,False,False
2024-06-22,18.1,0.5,13.8,69.6,rain,False,False,False,True,False
2024-06-23,16.1,0.0,13.8,66.3,partly-cloudy-day,False,False,True,False,False
2024-06-24,15.8,0.0,16.6,37.5,partly-cloudy-day,False,False,True,False,False
2024-06-25,17.0,0.0,22.1,21.8,partly-cloudy-day,False,False,True,False,False
2024-06-26,15.5,1.622,11.0,83.8,rain,False,False,False,True,False
2024-06-27,14.1,9.705,8.7,99.5,rain,False,False,False,True,False
2024-06-28,15.5,1.328,10.3,86.9,rain,False,False,False,True,False
2024-06-29,17.2,0.336,7.8,94.0,rain,False,False,False,True,False
2024-06-30,18.5,0.016,11.6,67.3,rain,False,False,False,True,False
2024-07-01,18.6,0.24,10.3,49.9,rain,False,False,False,True,False
2024-07-02,17.5,0.0,12.4,45.4,partly-cloudy-day,False,False,True,False,False
2024-07-03,17.3,0.0,10.0,32.3,partly-cloudy-day,False,False,True,False,False
2024-07-04,18.5,0.0,10.9,4.9,clear-day,True,False,False,False,False
2024-07-05,20.0,0.0,19.6,6.7,clear-day,True,False,False,False,False
2024-07-06,20.0,0.0,16.8,1.6,clear-day,True,False,False,False,False
2024-07-07,21.8,0.0,8.3,0.0,clear-day,True,False,False,False,False
2024-07-08,21.9,0.0,8.4,21.1,partly-cloudy-day,False,False,True,False,False
2024-07-09,23.3,0.0,7.4,2.9,clear-day,True,False,False,False,False
2024-07-10,22.1,0.0,9.8,5.0,clear-day,True,False,False,False,False
2024-07-11,19.2,0.0,28.4,5.6,clear-day,True,False,False,False,False
2024-07-12,19.7,0.0,13.0,9.4,clear-day,True,False,False,False,False
2024-07-13,19.9,0.0,14.5,13.2,clear-day,True,False,False,False,False
2024-07-14,20.6,0.0,13.5,0.0,clear-day,True,False,False,False,False
2024-07-15,20.1,0.0,11.4,13.2,clear-day,True,False,False,False,False
2024-07-16,21.2,0.0,8.3,8.4,clear-day,True,False,False,False,False
2024-07-17,23.2,0.0,9.7,22.7,partly-cloudy-day,False,False,True,False,False
2024-07-18,22.4,0.0,14.2,20.8,partly-cloudy-day,False,False,True,False,False
2024-07-19,22.1,0.158,12.2,25.4,rain,False,False,False,True,False
2024-07-20,21.7,0.0,8.3,16.6,clear-day,True,False,False,False,False
2024-07-21,20.2,0.0,13.0,42.3,partly-cloudy-day,False,False,True,False,False
2024-07-22,18.1,0.079,15.0,70.1,rain,False,False,False,True,False
2024-07-23,17.7,0.158,12.7,43.5,rain,False,False,False,True,False
2024-07-24,18.3,0.0,13.0,47.8,partly-cloudy-day,False,False,True,False,False
2024-07-25,18.2,0.083,15.7,44.8,rain,False,False,False,True,False
2024-07-26,18.0,0.0,8.9,46.6,partly-cloudy-day,False,False,True,False,False
2024-07-27,18.8,0.0,8.9,54.5,partly-cloudy-day,False,False,True,False,False
2024-07-28,18.6,0.0,13.3,65.3,partly-cloudy-day,False,False,True,False,False
2024-07-29,16.5,22.157,10.6,99.5,rain,False,False,False,True,False
2024-07-30,17.7,0.809,9.5,90.3,rain,False,False,False,True,False
2024-07-31,19.3,1.683,7.9,69.5,rain,False,False,False,True,False
2024-08-01,20.5,0.0,11.1,23.1,partly-cloudy-day,False,False,True,False,False
2024-08-02,21.6,0.0,7.5,48.8,partly-cloudy-day,False,False,True,False,False
2024-08-03,21.1,0.0,11.0,19.8,clear-day,True,False,False,False,False
2024-08-04,21.2,0.0,9.9,20.2,partly-cloudy-day,False,False,True,False,False
2024-08-05,21.0,0.0,8.7,13.1,clear-day,True,False,False,False,False
2024-08-06,18.5,0.0,10.1,29.2,partly-cloudy-day,False,False,True,False,False
2024-08-07,19.1,0.0,8.7,24.6,partly-cloudy-day,False,False,True,False,False
2024-08-08,20.8,0.0,7.9,25.7,partly-cloudy-day,False,False,True,False,False
2024-08-09,22.0,0.0,8.9,28.9,partly-cloudy-day,False,False,True,False,False
2024-08-10,21.2,0.0,10.6,26.3,partly-cloudy-day,False,False,True,False,False
2024-08-11,19.6,0.049,13.0,52.4,rain,False,False,False,True,False
2024-08-12,17.5,0.0,10.4,86.0,partly-cloudy-day,False,False,True,False,False
2024-08-13,18.5,0.0,9.7,94.3,cloudy,False,True,False,False,False
2024-08-14,19.4,0.0,7.9,45.5,partly-cloudy-day,False,False,True,False,False
2024-08-15,20.1,0.0,10.8,23.4,partly-cloudy-day,False,False,True,False,False
2024-08-16,18.4,0.0,10.0,47.5,partly-cloudy-day,False,False,True,False,False
2024-08-17,19.9,0.0,14.4,35.1,partly-cloudy-day,False,False,True,False,False
2024-08-18,18.5,5.624,14.6,72.4,rain,False,False,False,True,False
2024-08-19,17.5,1.564,11.2,66.9,rain,False,False,False,True,False
2024-08-20,17.3,0.252,9.0,74.5,rain,False,False,False,True,False
2024-08-21,16.3,0.017,11.8,88.6,rain,False,False,False,True,False
2024-08-22,16.8,1.744,12.4,75.8,rain,False,False,False,True,False
2024-08-23,15.5,8.453,7.7,94.3,rain,False,False,False,True,False
2024-08-24,14.6,20.578,13.0,85.3,rain,False,False,False,True,False
2024-08-25,17.1,0.092,10.8,67.4,rain,False,False,False,True,False
2024-08-26,15.9,12.804,10.2,95.1,rain,False,False,False,True,False
2024-08-27,15.9,0.197,21.9,38.0,rain,False,False,False,True,False
2024-08-28,14.9,0.0,9.2,36.0,partly-cloudy-day,False,False,True,False,False
2024-08-29,16.4,0.0,10.5,12.3,clear-day,True,False,False,False,False
2024-08-30,17.6,0.0,11.5,2.8,clear-day,True,False,False,False,False
2024-08-31,18.5,0.0,12.7,0.7,clear-day,True,False,False,False,False
2024-09-01,19.0,0.0,10.0,43.8,partly-cloudy-day,False,False,True,False,False
2024-09-02,17.8,0.0,10.5,71.4,partly-cloudy-day,False,False,True,False,False
2024-09-03,17.2,0.0,9.3,67.4,partly-cloudy-day,False,False,True,False,False
2024-09-04,17.9,0.0,9.5,17.8,clear-day,True,False,False,False,False
2024-09-05,20.0,0.0,8.1,12.3,clear-day,True,False,False,False,False
2024-09-06,19.8,0.0,11.0,9.6,clear-day,True,False,False,False,False
2024-09-07,18.9,0.0,12.5,34.7,partly-cloudy-day,False,False,True,False,False
2024-09-08,18.9,0.0,8.3,47.9,partly-cloudy-day,False,False,True,False,False
2024-09-09,17.0,0.0,7.4,62.4,partly-cloudy-day,False,False,True,False,False
2024-09-10,16.7,0.024,9.6,76.0,rain,False,False,False,True,False
2024-09-11,15.4,0.533,8.2,83.6,rain,False,False,False,True,False
2024-09-12,16.0,0.0,8.8,48.7,partly-cloudy-day,False,False,True,False,False
2024-09-13,14.4,5.751,8.6,86.2,rain,False,False,False,True,False
2024-09-14,14.8,14.17,10.1,79.4,rain,False,False,False,True,False
2024-09-15,15.0,0.095,16.9,41.6,rain,False,False,False,True,False
2024-09-16,14.5,0.0,12.3,36.9,partly-cloudy-day,False,False,True,False,False
2024-09-17,14.4,0.0,14.8,74.9,partly-cloudy-day,False,False,True,False,False
2024-09-18,15.4,0.0,14.3,47.0,partly-cloudy-day,False,False,True,False,False
2024-09-19,14.4,0.0,7.2,61.1,partly-cloudy-day,False,False,True,False,False
2024-09-20,14.2,0.0,22.1,49.0,partly-cloudy-day,False,False,True,False,False
2024-09-21,14.2,0.0,7.5,56.0,partly-cloudy-day,False,False,True,False,False
2024-09-22,14.4,0.275,12.9,93.7,rain,False,False,False,True,False
2024-09-23,15.3,2.763,12.0,93.2,rain,False,False,False,True,False
2024-09-24,16.8,0.017,7.6,66.0,rain,False,False,False,True,False
2024-09-25,14.9,24.925,13.9,92.4,rain,False,False,False,True,False
2024-09-26,12.3,2.387,18.4,88.7,rain,False,False,False,True,False
2024-09-27,14.7,0.521,19.6,48.4,rain,False,False,False,True,False
2024-09-28,12.0,0.0,15.8,73.0,partly-cloudy-day,False,False,True,False,False
2024-09-29,12.6,0.0,16.7,28.4,partly-cloudy-day,False,False,True,False,False
2024-09-30,11.5,0.0,8.1,57.1,partly-cloudy-day,False,False,True,False,False
2024-10-01,11.7,0.362,8.3,81.1,rain,False,False,False,True,False
2024-10-02,12.4,0.0,8.4,30.7,partly-cloudy-day,False,False,True,False,False
2024-10-03,10.8,0.0,7.8,69.2,partly-cloudy-day,False,False,True,False,False
2024-10-04,12.3,12.901,13.8,72.5,rain,False,False,False,True,False
2024-10-05,12.7,0.0,9.1,72.7,partly-cloudy-day,False,False,True,False,False
2024-10-06,13.4,0.0,8.0,59.2,partly-cloudy-day,False,False,True,False,False
2024-10-07,14.4,0.0,8.4,54.7,partly-cloudy-day,False,False,True,False,False
2024-10-08,14.1,1.594,11.2,95.1,rain,False,False,False,True,False
2024-10-09,12.8,5.366,10.4,77.3,rain,False,False,False,True,False
2024-10-10,10.5,0.0,14.6,50.5,partly-cloudy-day,False,False,True,False,False
2024-10-11,10.4,0.0,9.3,61.1,partly-cloudy-day,False,False,True,False,False
2024-10-12,12.5,0.0,8.9,21.3,partly-cloudy-day,False,False,True,False,False
2024-10-13,13.7,0.0,7.4,49.1,partly-cloudy-day,False,False,True,False,False
2024-10-14,14.0,15.012,11.4,93.9,rain,False,False,False,True,False
2024-10-15,12.7,0.0,7.3,98.7,cloudy,False,True,False,False,False
2024-10-16,11.4,4.497,12.4,68.9,rain,False,False,False,True,False
2024-10-17,9.4,0.477,12.6,59.8,rain,False,False,False,True,False
2024-10-18,9.1,34.516,19.1,99.6,rain,False,False,False,True,False
2024-10-19,12.3,111.367,19.4,99.5,rain,False,False,False,True,False
2024-10-20,11.2,35.306,16.0,89.9,rain,False,False,False,True,False
2024-10-21,10.0,0.005,6.4,76.5,rain,False,False,False,True,False
2024-10-22,9.6,5.349,9.7,68.8,rain,False,False,False,True,False
2024-10-23,8.4,0.0,6.8,60.0,partly-cloudy-day,False,False,True,False,False
2024-10-24,8.6,0.04,9.3,43.6,rain,False,False,False,True,False
2024-10-25,7.7,0.0,6.5,82.0,partly-cloudy-day,False,False,True,False,False
2024-10-26,12.0,17.841,19.0,91.3,rain,False,False,False,True,False
2024-10-27,11.2,5.665,14.3,86.8,rain,False,False,False,True,False
2024-10-28,10.2,2.169,11.1,70.1,rain,False,False,False,True,False
2024-10-29,9.5,0.754,9.7,66.1,rain,False,False,False,True,False
2024-10-30,8.7,17.626,18.9,98.1,rain,False,False,False,True,False
2024-10-31,8.9,2.591,11.7,88.6,rain,False,False,False,True,False
2024-11-01,7.8,12.513,14.5,99.1,rain,False,False,False,True,False
2024-11-02,8.1,2.911,8.4,98.5,rain,False,False,False,True,False
2024-11-03,8.7,2.048,16.5,92.3,rain,False,False,False,True,False
2024-11-04,9.8,35.453,29.1,63.4,rain,False,False,False,True,False
2024-11-05,7.7,0.0,25.2,67.1,partly-cloudy-day,False,False,True,False,False
2024-11-06,8.9,0.0,6.0,83.8,partly-cloudy-day,False,False,True,False,False
2024-11-07,10.2,0.0,5.8,61.1,partly-cloudy-day,False,False,True,False,False
2024-11-08,11.2,7.755,10.7,96.2,rain,False,False,False,True,False
2024-11-09,9.9,19.254,10.4,99.9,rain,False,False,False,True,False
2024-11-10,10.5,4.502,15.3,98.6,rain,False,False,False,True,False
2024-11-11,10.0,14.78,16.9,94.3,rain,False,False,False,True,False
2024-11-12,9.2,14.989,23.3,84.5,rain,False,False,False,True,False
2024-11-13,9.9,18.522,19.2,97.0,rain,False,False,False,True,False
2024-11-14,8.8,10.018,12.5,73.7,rain,False,False,False,True,False
2024-11-15,5.8,0.0,12.3,59.6,partly-cloudy-day,False,False,True,False,False
2024-11-16,5.5,16.989,17.3,98.7,rain,False,False,False,True,False
2024-11-17,6.3,1.808,12.9,85.1,rain,False,False,False,True,False
2024-11-18,4.1,5.139,8.5,92.0,snow,False,False,False,False,True
2024-11-19,4.3,16.631,16.6,95.3,snow,False,False,False,False,True
2024-11-20,7.6,7.685,15.8,92.4,rain,False,False,False,True,False
2024-11-21,8.2,0.87,8.2,91.3,rain,False,False,False,True,False
2024-11-22,9.3,2.59,22.5,85.5,rain,False,False,False,True,False
2024-11-23,8.5,3.464,14.9,94.3,rain,False,False,False,True,False
2024-11-24,7.4,1.373,12.4,88.8,rain,False,False,False,True,False
2024-11-25,6.2,0.008,6.9,78.7,rain,False,False,False,True,False
2024-11-26,4.2,0.0,9.3,73.5,partly-cloudy-day,False,False,True,False,False
2024-11-27,5.1,0.093,5.4,92.3,rain,False,False,False,True,False
2024-11-28,4.4,0.0,5.9,88.8,partly-cloudy-day,False,False,True,False,False
2024-11-29,4.8,0.366,12.2,98.8,rain,False,False,False,True,False
2024-11-30,5.6,0.523,11.4,99.5,rain,False,False,False,True,False
2024-12-01,5.0,0.0,10.0,46.7,partly-cloudy-day,False,False,True,False,False
2024-12-02,4.2,0.0,5.8,40.0,partly-cloudy-day,False,False,True,False,False
2024-12-03,4.3,0.259,5.8,31.8,rain,False,False,False,True,False
2024-12-04,4.0,0.024,5.1,13.9,rain,False,False,False,True,False
2024-12-05,5.2,0.0,7.4,84.0,partly-cloudy-day,False,False,True,False,False
2024-12-06,8.6,11.514,12.0,95.6,rain,False,False,False,True,False
2024-12-07,9.6,15.025,16.4,87.3,rain,False,False,False,True,False
2024-12-08,7.2,1.887,12.0,81.8,rain,False,False,False,True,False
2024-12-09,6.2,1.172,6.1,65.3,rain,False,False,False,True,False
2024-12-10,4.3,0.0,6.1,76.7,partly-cloudy-day,False,False,True,False,False
2024-12-11,5.5,0.0,7.0,54.9,partly-cloudy-day,False,False,True,False,False
2024-12-12,5.2,0.122,8.9,86.5,rain,False,False,False,True,False
2024-12-13,7.1,18.707,17.3,100.0,rain,False,False,False,True,False
2024-12-14,8.6,3.323,31.5,89.8,rain,False,False,False,True,False
2024-12-15,6.5,0.058,13.3,48.7,rain,False,False,False,True,False
2024-12-16,5.3,1.716,10.3,89.8,rain,False,False,False,True,False
2024-12-17,7.0,28.072,18.8,97.0,rain,False,False,False,True,False
2024-12-18,8.9,45.768,21.6,74.7,rain,False,False,False,True,False
2024-12-19,9.0,7.109,13.0,94.1,rain,False,False,False,True,False
2024-12-20,10.3,1.445,10.9,67.4,rain,False,False,False,True,False
2024-12-21,9.1,6.231,14.2,70.8,rain,False,False,False,True,False
2024-12-22,8.7,7.0,19.3,91.5,rain,False,False,False,True,False
2024-12-23,9.3,0.749,22.9,83.2,rain,False,False,False,True,False
2024-12-24,9.3,4.389,21.4,75.1,rain,False,False,False,True,False
2024-12-25,6.8,24.344,26.8,97.3,rain,False,False,False,True,False
2024-12-26,6.6,27.535,19.3,86.2,rain,False,False,False,True,False
2024-12-27,7.0,6.171,13.1,90.4,rain,False,False,False,True,False
2024-12-28,7.8,8.902,15.5,87.8,rain,False,False,False,True,False
2024-12-29,6.4,9.429,10.0,87.0,rain,False,False,False,True,False
2024-12-30,5.6,8.708,10.5,91.1,rain,False,False,False,True,False
2024-12-31,5.4,2.857,14.8,96.5,rain,False,False,False,True,False
2025-01-01,4.9,0.0,9.9,79.1,partly-cloudy-day,False,False,True,False,False
2025-01-02,4.7,2.278,12.3,98.0,rain,False,False,False,True,False
2025-01-03,4.9,4.979,6.5,98.7,rain,False,False,False,True,False
2025-01-04,7.1,9.395,13.1,99.5,rain,False,False,False,True,False
2025-01-05,6.6,1.004,8.9,76.8,rain,False,False,False,True,False
2025-01-06,4.3,0.005,9.6,29.8,rain,False,False,False,True,False
2025-01-07,4.4,0.528,6.5,88.4,rain,False,False,False,True,False
2025-01-08,6.5,0.401,8.6,67.1,rain,False,False,False,True,False
2025-01-09,6.1,0.0,7.9,71.9,partly-cloudy-day,False,False,True,False,False
2025-01-10,7.1,7.656,25.5,76.6,rain,False,False,False,True,False
2025-01-11,5.8,0.332,7.5,86.1,rain,False,False,False,True,False
2025-01-12,5.2,0.977,23.6,53.1,rain,False,False,False,True,False
2025-01-13,4.0,0.0,4.2,87.7,partly-cloudy-day,False,False,True,False,False
2025-01-14,4.4,0.0,5.5,69.0,partly-cloudy-day,False,False,True,False,False
2025-01-15,4.5,0.0,10.3,27.1,partly-cloudy-day,False,False,True,False,False
2025-01-16,5.5,0.802,24.4,50.5,rain,False,False,False,True,False
2025-01-17,3.6,0.0,8.9,24.9,partly-cloudy-day,False,False,True,False,False
2025-01-18,3.0,0.0,6.7,44.4,partly-cloudy-day,False,False,True,False,False
2025-01-19,2.3,0.0,10.6,2.6,clear-day,True,False,False,False,False
2025-01-20,1.9,0.0,4.2,70.6,partly-cloudy-day,False,False,True,False,False
2025-01-21,2.3,0.079,7.3,65.2,snow,False,False,False,False,True
2025-01-22,2.5,0.0,6.3,86.1,partly-cloudy-day,False,False,True,False,False
2025-01-23,2.2,0.0,6.6,70.8,partly-cloudy-day,False,False,True,False,False
2025-01-24,2.6,0.0,11.9,10.1,clear-day,True,False,False,False,False
2025-01-25,2.8,0.0,9.6,12.4,clear-day,True,False,False,False,False
2025-01-26,2.7,0.0,7.1,7.2,clear-day,True,False,False,False,False
2025-01-27,2.6,0.0,6.8,2.6,clear-day,True,False,False,False,False
2025-01-28,2.7,0.0,7.4,19.8,clear-day,True,False,False,False,False
2025-01-29,2.9,0.01,7.8,19.7,rain,False,False,False,True,False
2025-01-30,4.4,7.848,13.1,96.1,rain,False,False,False,True,False
2025-01-31,5.1,30.357,26.8,91.9,snow,False,False,False,False,True
2025-02-01,3.2,0.484,15.1,75.6,snow,False,False,False,False,True
2025-02-02,1.6,11.399,14.2,76.9,snow,False,False,False,False,True
2025-02-03,-1.5,3.282,15.1,87.2,snow,False,False,False,False,True
2025-02-04,-1.9,2.053,6.7,57.1,snow,False,False,False,False,True
2025-02-05,-2.2,0.002,8.2,75.0,snow,False,False,False,False,True
2025-02-06,-0.4,0.002,9.4,55.5,snow,False,False,False,False,True
2025-02-07,-0.3,0.0,8.9,43.8,partly-cloudy-day,False,False,True,False,False
2025-02-08,1.5,0.195,8.4,63.7,snow,False,False,False,False,True
2025-02-09,1.1,0.029,7.7,53.3,snow,False,False,False,False,True
2025-02-10,0.0,0.0,9.6,18.5,clear-day,True,False,False,False,False
2025-02-11,-1.9,0.0,8.6,1.6,clear-day,True,False,False,False,False
2025-02-12,-0.6,0.0,6.3,11.2,clear-day,True,False,False,False,False
2025-02-13,0.7,0.0,6.7,73.4,partly-cloudy-day,False,False,True,False,False
2025-02-14,3.3,0.024,10.0,64.1,rain,False,False,False,True,False
2025-02-15,4.1,2.614,13.5,99.6,snow,False,False,False,False,True
2025-02-16,5.2,4.697,12.7,99.0,snow,False,False,False,False,True
2025-02-17,5.6,1.271,7.7,88.1,rain,False,False,False,True,False
2025-02-18,7.2,0.412,14.0,94.1,rain,False,False,False,True,False
2025-02-19,8.0,16.724,23.1,98.6,rain,False,False,False,True,False
2025-02-20,7.1,1.76,11.7,96.5,rain,False,False,False,True,False
2025-02-21,7.1,19.978,14.5,97.4,rain,False,False,False,True,False
2025-02-22,8.8,14.825,14.4,96.1,rain,False,False,False,True,False
2025-02-23,8.8,9.06,8.4,77.4,rain,False,False,False,True,False
2025-02-24,8.4,4.543,16.4,83.9,rain,False,False,False,True,False
2025-02-25,7.4,31.841,16.6,91.8,rain,False,False,False,True,False
2025-02-26,8.2,0.018,8.4,68.0,rain,False,False,False,True,False
2025-02-27,8.1,0.9,5.8,74.0,rain,False,False,False,True,False
2025-02-28,8.3,0.0,4.3,41.1,partly-cloudy-day,False,False,True,False,False
2025-03-01,8.0,0.3,4.3,63.2,partly-cloudy-day,False,False,True,False,False
2025-03-02,7.9,3.6,6.1,79.0,rain,False,False,False,True,False
2025-03-03,7.5,0.9,5.8,56.4,partly-cloudy-day,False,False,True,False,False
2025-03-04,6.7,0.5,6.1,58.8,partly-cloudy-day,False,False,True,False,False
2025-03-05,6.5,0.1,6.5,41.2,partly-cloudy-day,False,False,True,False,False
2025-03-06,6.8,0.0,12.2,18.0,clear-day,True,False,False,False,False
2025-03-07,7.6,1.0,9.4,38.1,partly-cloudy-day,False,False,True,False,False
2025-03-08,8.5,1.0,12.2,86.2,rain,False,False,False,True,False
2025-03-09,8.4,7.8,13.3,55.2,rain,False,False,False,True,False
2025-03-10,8.1,3.7,15.5,73.7,rain,False,False,False,True,False
2025-03-11,7.1,1.6,52.6,62.8,rain,False,False,False,True,False
2025-03-12,5.2,2.3,25.9,97.6,snow,False,False,False,False,True
2025-03-13,7.7,7.5,31.0,15.7,clear-day,True,False,False,False,False
